CREATE DATABASE  IF NOT EXISTS `Eksamen_DIS` /*!40100 DEFAULT CHARACTER SET latin1 */;
USE `Eksamen_DIS`;
-- MySQL dump 10.13  Distrib 5.7.17, for macos10.12 (x86_64)
--
-- Host: localhost    Database: Eksamen_DIS
-- ------------------------------------------------------
-- Server version	5.7.21

/*!40101 SET @OLD_CHARACTER_SET_CLIENT=@@CHARACTER_SET_CLIENT */;
/*!40101 SET @OLD_CHARACTER_SET_RESULTS=@@CHARACTER_SET_RESULTS */;
/*!40101 SET @OLD_COLLATION_CONNECTION=@@COLLATION_CONNECTION */;
/*!40101 SET NAMES utf8 */;
/*!40103 SET @OLD_TIME_ZONE=@@TIME_ZONE */;
/*!40103 SET TIME_ZONE='+00:00' */;
/*!40014 SET @OLD_UNIQUE_CHECKS=@@UNIQUE_CHECKS, UNIQUE_CHECKS=0 */;
/*!40014 SET @OLD_FOREIGN_KEY_CHECKS=@@FOREIGN_KEY_CHECKS, FOREIGN_KEY_CHECKS=0 */;
/*!40101 SET @OLD_SQL_MODE=@@SQL_MODE, SQL_MODE='NO_AUTO_VALUE_ON_ZERO' */;
/*!40111 SET @OLD_SQL_NOTES=@@SQL_NOTES, SQL_NOTES=0 */;

--
-- Table structure for table `address`
--

DROP TABLE IF EXISTS `address`;
/*!40101 SET @saved_cs_client     = @@character_set_client */;
/*!40101 SET character_set_client = utf8 */;
CREATE TABLE `address` (
  `id` int(10) unsigned NOT NULL AUTO_INCREMENT,
  `name` varchar(45) COLLATE utf8_danish_ci NOT NULL,
  `city` varchar(45) COLLATE utf8_danish_ci NOT NULL,
  `zipcode` varchar(45) COLLATE utf8_danish_ci NOT NULL,
  `street_address` varchar(255) COLLATE utf8_danish_ci NOT NULL,
  PRIMARY KEY (`id`),
  UNIQUE KEY `id_UNIQUE` (`id`)
) ENGINE=InnoDB AUTO_INCREMENT=13 DEFAULT CHARSET=utf8 COLLATE=utf8_danish_ci;
/*!40101 SET character_set_client = @saved_cs_client */;

--
-- Dumping data for table `address`
--

LOCK TABLES `address` WRITE;
/*!40000 ALTER TABLE `address` DISABLE KEYS */;
INSERT INTO `address` VALUES (1,'Henrik Thorn','København','2200','Amagerbrogade'),(2,'ITK','København','2400','Lygten'),(3,'Henrik Thorn','København','2200','Amagerbrogade'),(4,'ITK','København','2400','Lygten'),(5,'Henrik Thorn','København','2200','Amagerbrogade'),(6,'ITK','København','2400','Lygten'),(7,'Henrik Thorn','København','2200','Amagerbrogade'),(8,'ITK','København','2400','Lygten'),(9,'Henrik Thorn','København','2200','Amagerbrogade'),(10,'ITK','København','2400','Lygten'),(11,'Henrik Thorn','København','2200','Amagerbrogade'),(12,'ITK','København','2400','Lygten');
/*!40000 ALTER TABLE `address` ENABLE KEYS */;
UNLOCK TABLES;

--
-- Table structure for table `line_item`
--

DROP TABLE IF EXISTS `line_item`;
/*!40101 SET @saved_cs_client     = @@character_set_client */;
/*!40101 SET character_set_client = utf8 */;
CREATE TABLE `line_item` (
  `id` int(10) unsigned NOT NULL AUTO_INCREMENT,
  `product_id` int(10) unsigned NOT NULL,
  `order_id` int(10) unsigned NOT NULL,
  `price` float NOT NULL,
  `quantity` int(11) NOT NULL,
  PRIMARY KEY (`id`),
  UNIQUE KEY `id_UNIQUE` (`id`)
) ENGINE=InnoDB AUTO_INCREMENT=13 DEFAULT CHARSET=utf8 COLLATE=utf8_danish_ci;
/*!40101 SET character_set_client = @saved_cs_client */;

--
-- Dumping data for table `line_item`
--

LOCK TABLES `line_item` WRITE;
/*!40000 ALTER TABLE `line_item` DISABLE KEYS */;
INSERT INTO `line_item` VALUES (1,1,1,20,3),(2,2,1,25,1),(3,0,2,20,3),(4,0,2,25,1),(5,1,3,20,3),(6,2,3,25,1),(7,1,4,20,3),(8,2,4,25,1),(9,1,5,20,3),(10,2,5,25,1),(11,1,6,20,3),(12,2,6,25,1);
/*!40000 ALTER TABLE `line_item` ENABLE KEYS */;
UNLOCK TABLES;

--
-- Table structure for table `orders`
--

DROP TABLE IF EXISTS `orders`;
/*!40101 SET @saved_cs_client     = @@character_set_client */;
/*!40101 SET character_set_client = utf8 */;
CREATE TABLE `orders` (
  `id` int(10) unsigned NOT NULL AUTO_INCREMENT,
  `user_id` int(10) unsigned NOT NULL,
  `billing_address_id` int(10) unsigned NOT NULL,
  `shipping_address_id` int(10) unsigned NOT NULL,
  `order_total` float NOT NULL DEFAULT '0',
  `created_at` int(11) NOT NULL,
  `updated_at` int(11) NOT NULL,
  PRIMARY KEY (`id`),
  UNIQUE KEY `id_UNIQUE` (`id`)
) ENGINE=InnoDB AUTO_INCREMENT=7 DEFAULT CHARSET=utf8 COLLATE=utf8_danish_ci;
/*!40101 SET character_set_client = @saved_cs_client */;

--
-- Dumping data for table `orders`
--

LOCK TABLES `orders` WRITE;
/*!40000 ALTER TABLE `orders` DISABLE KEYS */;
INSERT INTO `orders` VALUES (1,7,1,2,80,1,1),(2,8,3,4,45,1539277496,1539277496),(3,9,5,6,45,1539277742,1539277742),(4,10,7,8,45,1539277791,1539277791),(5,11,9,10,45,1539277902,1539277902),(6,12,11,12,45,1539335661,1539335661);
/*!40000 ALTER TABLE `orders` ENABLE KEYS */;
UNLOCK TABLES;

--
-- Table structure for table `product`
--

DROP TABLE IF EXISTS `product`;
/*!40101 SET @saved_cs_client     = @@character_set_client */;
/*!40101 SET character_set_client = utf8 */;
CREATE TABLE `product` (
  `id` int(10) unsigned NOT NULL AUTO_INCREMENT,
  `product_name` varchar(255) COLLATE utf8_danish_ci NOT NULL,
  `sku` varchar(255) COLLATE utf8_danish_ci NOT NULL,
  `price` float NOT NULL DEFAULT '0',
  `description` varchar(255) COLLATE utf8_danish_ci DEFAULT NULL,
  `stock` int(11) unsigned NOT NULL DEFAULT '0',
  `created_at` int(11) NOT NULL,
  PRIMARY KEY (`id`),
  UNIQUE KEY `id_UNIQUE` (`id`),
  UNIQUE KEY `sku_UNIQUE` (`sku`)
) ENGINE=InnoDB AUTO_INCREMENT=3 DEFAULT CHARSET=utf8 COLLATE=utf8_danish_ci;
/*!40101 SET character_set_client = @saved_cs_client */;

--
-- Dumping data for table `product`
--

LOCK TABLES `product` WRITE;
/*!40000 ALTER TABLE `product` DISABLE KEYS */;
INSERT INTO `product` VALUES (1,'Cola','coke',20,'Coca Cola',100,1),(2,'Fanta','fanta',25,'Fanta',50,2);
/*!40000 ALTER TABLE `product` ENABLE KEYS */;
UNLOCK TABLES;

--
-- Table structure for table `user`
--

DROP TABLE IF EXISTS `user`;
/*!40101 SET @saved_cs_client     = @@character_set_client */;
/*!40101 SET character_set_client = utf8 */;
CREATE TABLE `user` (
  `id` int(10) unsigned NOT NULL AUTO_INCREMENT,
  `first_name` varchar(255) COLLATE utf8_danish_ci NOT NULL,
  `last_name` varchar(255) COLLATE utf8_danish_ci NOT NULL,
  `password` varchar(255) COLLATE utf8_danish_ci NOT NULL,
  `email` varchar(255) COLLATE utf8_danish_ci NOT NULL,
  `created_at` int(11) unsigned NOT NULL,
  PRIMARY KEY (`id`),
  UNIQUE KEY `id_UNIQUE` (`id`),
  UNIQUE KEY `email_UNIQUE` (`email`)
) ENGINE=InnoDB AUTO_INCREMENT=32 DEFAULT CHARSET=utf8 COLLATE=utf8_danish_ci;
/*!40101 SET character_set_client = @saved_cs_client */;

--
-- Dumping data for table `user`
--

LOCK TABLES `user` WRITE;
/*!40000 ALTER TABLE `user` DISABLE KEYS */;
INSERT INTO `user` VALUES (1,'Henrik','Thorn','abc','henrik@abc.dk',0),(2,'Peter','Pan','ABCD','ha@as.dk',0),(3,'Henrik','Thorn','9e82882ec3d9e0fde31d96d54fe011ee','hej@has.dk',1539260226),(13,'null','null','null','null',1539338689),(15,'kim','Nielsen','604b6f0ff26c14df73b93d672044500b','nielsen.dm@mail.dk',1543574907),(17,'test1','test1','bb53892f4c3ffc7e5492b3984962edd3','test1@test.dk',1543575006),(19,'test3','test3','02b57db3a7fd7dcb2aab5106f6b74cdd','test3@test.dk',1543919301),(20,'test2','test2','b18a07cbe6ed969d9f0f719934dae822','test2@test.dk',1544193448),(21,'test4','test4','00fc33a87530449eddbbd3876a196fa1','test4@test.dk',1544196351),(22,'test5','test5','e56d07c9a98bf8732f3e72e4d3c5bcd7','test5@test.dk',1544197532),(23,'test6','test6','334f66da310da9452439921649f53e7e','test6@test.dk',1544197685),(24,'test7','test7','78a313da9dc8ead4000d86546f9b695f','test7@test.dk',1544210013),(25,'test8','test8','aedf726ec8697b20caba4d8e2b63716a','test8@test.dk',1544272437),(26,'test9','test9','90882ecc2f7200585327d36a8a517f5f','test9@test.dk',1544273984),(27,'test10','test10','31ec8b0e2c519db7e0b275efedab131e','test10@test.dk',1544274315),(28,'test11','test11','9f34e58ab9053d87a226b158b780133d','test11@test.dk',1544275328),(29,'test12','test12','c93fbaba82c5f0a8379b42d1ab81d6c7','test15@test.dk',1544275888),(30,'test13','test13','e89aa4b5d8a533e913267aee2d7964b2','test13@test.dk',1544276489),(31,'test','test','8779ea384c84aee4245d0087cb581575','test@test.dk',1544348773);
/*!40000 ALTER TABLE `user` ENABLE KEYS */;
UNLOCK TABLES;
/*!40103 SET TIME_ZONE=@OLD_TIME_ZONE */;

/*!40101 SET SQL_MODE=@OLD_SQL_MODE */;
/*!40014 SET FOREIGN_KEY_CHECKS=@OLD_FOREIGN_KEY_CHECKS */;
/*!40014 SET UNIQUE_CHECKS=@OLD_UNIQUE_CHECKS */;
/*!40101 SET CHARACTER_SET_CLIENT=@OLD_CHARACTER_SET_CLIENT */;
/*!40101 SET CHARACTER_SET_RESULTS=@OLD_CHARACTER_SET_RESULTS */;
/*!40101 SET COLLATION_CONNECTION=@OLD_COLLATION_CONNECTION */;
/*!40111 SET SQL_NOTES=@OLD_SQL_NOTES */;

-- Dump completed on 2018-12-18 20:24:10
